"0","# Create an empty data frame to store the integrated data"
"0","integrated_data <- data.frame()"
"0",""
"0","# Combine data across sessions"
"0","for (i in 1:length(session)) {"
"0","  # Extract relevant variables"
"0","  feedback_type <- session[[i]]$feedback_type"
"0","  contrast_left <- session[[i]]$contrast_left"
"0","  contrast_right <- session[[i]]$contrast_right"
"0","  spks <- session[[i]]$spks"
"0","  "
"0","  # Create a data frame for the session"
"0","  session_data <- data.frame("
"0","    feedback_type = feedback_type,"
"0","    contrast_left = contrast_left,"
"0","    contrast_right = contrast_right,"
"0","    session = i"
"0","  )"
"0","  "
"0","  # Append the session data to the integrated data frame"
"0","  integrated_data <- rbind(integrated_data, session_data)"
"0","}"
"0",""
"0","# Print the integrated data frame"
"0","tail(integrated_data)"
